{"cameraMode":{"drawMode":0,"name":"Shaded","section":"Shading Mode"},"sceneLighting":true,"audioPlay":false,"sceneViewState":{"m_AlwaysRefresh":false,"showFog":true,"showSkybox":true,"showFlares":true,"showImageEffects":true,"showParticleSystems":true,"showVisualEffectGraphs":true,"m_FxEnabled":true},"in2DMode":false,"pivot":{"x":0.13865706324577332,"y":-0.247458815574646,"z":-0.08438348770141602},"rotation":{"x":-0.10809732973575592,"y":-0.0038802572526037695,"z":0.0004219806578475982,"w":-0.9941337704658508},"size":3.0205612182617189,"orthographic":false}